{"fuzzilli": {"v8": 0.6674, "sm": 0.6747, "jsc": 0.6656000000000001}, "fuzzjit": {"v8": 0.6366999999999999, "sm": 0.6393, "jsc": 0.6588}}